"","y","x1","x2"
"1",562.796724418394,803.625293692108,0
"2",666.87079254412,950.205908275908,1
"3",110.330352064995,158.297884789528,0
"4",7.16697687898438,9.85614857403561,1
"5",142.198266982126,199.77442582394,1
"6",354.947754073269,503.40730738733,1
"7",687.384697214034,980.9626413316,1
"8",309.160685288528,439.899953975575,1
"9",694.470631699882,992.476917610969,0
"10",533.362558824769,759.077378317947,1
"11",49.173858409727,68.3162215522025,1
"12",444.101133037545,631.393348725513,0
"13",296.699738368142,421.14032257651,1
"14",24.3923049831387,34.2872066327836,1
"15",613.591463113492,875.235483830329,0
"16",378.93504770872,539.058186152251,0
"17",2.20730156420308,2.77197792381048,1
"18",210.194482556909,298.270625312347,1
"19",219.915120818869,312.358723623678,1
"20",440.726313438896,628.524471948389,1
"21",184.396347390107,262.596560732229,1
"22",621.294085236838,887.947722349316,1
"23",245.734915357231,350.239265020704,1
"24",148.334914240339,211.502182934666,1
"25",191.240516925104,269.946105251089,1
"26",524.9159592726,749.0200386832,0
"27",672.942774998825,958.611992540304,1
"28",638.792113064763,910.772809738526,0
"29",636.109333377794,909.041822163854,0
"30",651.474573241939,927.844315059716,0
"31",176.407505371366,249.092965373537,1
"32",349.740734810626,500.075011101086,0
"33",191.455184278209,270.381150850793,1
"34",450.300403953326,641.406676202081,1
"35",124.634588695613,173.57662990666,1
"36",605.661600992184,863.292048536707,1
"37",327.819950090643,468.138003473869,1
"38",679.319044064082,970.440959937405,0
"39",477.983660235962,682.393122944981,1
"40",472.132262477623,674.273917380022,0
"41",451.166468844119,644.549177790061,0
"42",625.497140134198,892.181064882316,0
"43",237.726751868302,337.962658480508,1
"44",675.394806642754,964.772888501175,1
"45",331.36056757301,470.608017334482,0
"46",138.98723717698,198.867323427927,0
"47",343.064046158488,490.532219928922,0
"48",460.972721586499,655.297443180811,0
"49",221.95044842954,317.757362359436,0
"50",524.570509135482,744.63513471745,1
"51",480.883951896134,685.50451457547,0
"52",223.634977208934,317.785439474043,1
"53",284.522908979943,402.759832823183,1
"54",421.458364220055,601.096229646122,1
"55",390.222312415593,557.471891803667,1
"56",384.67618067382,549.56553370622,0
"57",149.197843358225,211.824753768509,1
"58",45.0360760329819,62.8945588893257,0
"59",180.190345644721,258.364550519502,1
"60",244.922371597127,350.355489961104,0
"61",556.288152753174,795.377832297469,0
"62",674.53866048851,961.489612436621,0
"63",648.044821110077,922.779665849637,1
"64",86.3960409490399,122.814673692919,0
"65",274.451246260231,392.187185293995,0
"66",675.239740077579,963.295706542907,0
"67",84.7150570674669,120.392866426846,0
"68",194.642409119662,276.739531426225,0
"69",19.0630696590362,24.6447828852106,0
"70",205.680728423368,289.251027100487,1
"71",125.20627866729,176.027099503437,1
"72",89.3625339994365,127.953281331807,0
"73",606.814737214664,864.46703313617,1
"74",670.233385793326,956.186170170782,0
"75",664.68395432145,947.218319389969,0
"76",184.20300531611,264.710744132521,0
"77",82.8321023338783,116.905903759645,0
"78",381.686119117796,543.926725633442,1
"79",100.700721768846,140.775109008187,0
"80",521.154152125277,744.627353157615,0
"81",535.949474394841,765.997811737703,1
"82",189.862453879061,268.901102822274,0
"83",456.112149330882,650.116533442866,1
"84",681.587775409106,973.578975643963,0
"85",316.365406456759,452.704287040047,0
"86",427.541130121851,608.455592816463,0
"87",537.893440818328,768.26213307213,1
"88",511.825282262094,730.694905348588,1
"89",490.481269464963,701.1568964459,0
"90",255.325696193518,364.695611724397,1
"91",576.589653630139,825.225209782133,0
"92",602.46680451995,857.480845477665,1
"93",354.478461856158,504.728378997417,1
"94",586.330222068551,837.468618566869,0
"95",609.321769742486,870.707199362107,1
"96",368.053649128824,527.048648420954,1
"97",62.0106672151302,88.3261706326157,1
"98",609.159723866177,869.729222086491,1
"99",489.190630761369,696.720207368257,1
"100",209.861013549432,296.472329978133,0
"101",619.813065598206,883.904076125706,1
"102",624.701765798557,888.732255699579,0
"103",471.203739354937,671.479143940145,1
"104",640.337252866418,914.68908772571,0
"105",163.078395022338,234.233713901136,1
"106",456.627944884692,650.301689675543,1
"107",254.01970571991,360.578173379414,1
"108",536.744197071888,764.072363552637,1
"109",427.56868391374,612.400649433257,0
"110",311.504526063129,444.550485806772,0
"111",59.9552934428801,85.241216069553,1
"112",68.1158940307351,95.6188580116723,0
"113",659.282938139704,941.620643681847,1
"114",667.106749946647,954.326953980373,1
"115",531.435092535738,757.568192063598,0
"116",636.838802826771,910.295256423298,0
"117",647.704347307421,921.416420999682,0
"118",256.481399215573,366.260655413149,1
"119",386.231899247444,549.665506339632,0
"120",116.174244402491,165.203461721772,0
"121",651.336559247921,926.150391481351,0
"122",222.709865647858,318.811319338856,0
"123",444.550169717606,634.260932026198,1
"124",285.554794709218,405.369345826562,0
"125",369.956613944151,526.18042963394,0
"126",243.393423117207,347.505177048035,0
"127",622.489391324103,887.812897259602,0
"128",98.440860157084,138.23065966065,0
"129",550.483332641237,786.253629499348,1
"130",136.608995860974,194.117735166103,1
"131",495.029780459714,705.205132056959,0
"132",572.71212240197,816.21640480659,0
"133",277.067051866498,397.537848404841,0
"134",171.795850096437,243.75587527547,0
"135",553.979913840621,789.157700651558,0
"136",647.560714601357,923.760008412413,1
"137",135.235312369634,194.679823132697,0
"138",199.145281178337,283.284675950417,1
"139",124.5586057539,175.661068000831,0
"140",653.815855912286,930.075771486154,1
"141",242.441592502754,345.618488729931,1
"142",493.201351373842,704.374045417411,0
"143",240.173187071015,344.578076851554,0
"144",150.37063350121,213.599684419809,1
"145",500.28258259992,710.13502153731,1
"146",193.299835846534,276.982747794595,0
"147",425.735280395145,606.043431614293,1
"148",451.145218320123,645.453581353649,1
"149",590.814540799228,842.520370228216,0
"150",175.073348759664,251.601036888314,1
"151",98.9094523855588,142.470039502485,0
"152",204.994072122264,292.15705277212,1
"153",265.561652661449,377.993536886293,1
"154",455.64158879046,650.38995426544,1
"155",75.5503075890576,106.642683892278,1
"156",132.916195296337,188.140915253665,0
"157",0.69062614669651,1.4870441055391,1
"158",33.4645577778431,48.2353603765368,0
"159",510.343878059327,728.930605580332,0
"160",452.383965874856,643.095530311111,1
"161",270.162441655076,383.332755719544,1
"162",476.132382818928,677.900906024035,0
"163",235.095453309936,336.105816415977,0
"164",635.862257766273,907.609571357723,1
"165",234.649127039728,334.70113566122,0
"166",90.0831925051172,125.424990786938,1
"167",542.231263123029,771.796277740505,0
"168",86.6674524912062,121.653760098154,0
"169",564.965523320047,806.411010005744,0
"170",509.041804378901,725.374645330478,0
"171",671.673675514636,956.565069914795,1
"172",535.618944158341,763.116508422419,0
"173",428.704440767869,609.706440123031,1
"174",686.598724153756,979.681543283863,0
"175",485.07596421471,691.854772602674,1
"176",126.221274607875,180.365673473803,1
"177",18.9896630967909,29.6552744857036,0
"178",558.20513847912,797.034569998272,1
"179",417.468959466142,594.917258509202,0
"180",45.9483245942168,64.0749841842335,1
"181",542.019385901956,771.144103012746,1
"182",605.659596234155,866.210223024711,0
"183",387.468789250055,553.339511607774,1
"184",95.9590195786681,136.700862216298,1
"185",552.273320074971,787.269565807655,0
"186",205.08083609577,291.272578421747,1
"187",446.992699150767,638.743300988339,0
"188",183.95609504292,262.212134929374,1
"189",534.919322531602,763.917261515977,1
"190",624.242446141283,888.900183877442,0
"191",678.166309149341,968.538043967681,0
"192",9.4852731889476,11.8427832419984,0
"193",499.858644416132,713.079308851389,1
"194",576.405574658768,821.967188955517,1
"195",130.681078169476,185.304901291151,0
"196",659.569463851272,939.867138312897,1
"197",246.612249497744,351.165662335698,0
"198",476.825029742698,679.81586660631,0
"199",73.4160985602469,104.37155697844,0
"200",514.30831863187,732.092483729124,0
"201",244.247952709541,349.679389989702,1
"202",301.205110623739,428.238076008623,0
"203",4.82164474550752,6.15442253113724,1
"204",487.779281302194,693.886072796071,1
"205",684.856261466917,978.050395529252,0
"206",191.805965978541,271.752675019903,1
"207",133.420693108482,188.3773711666,1
"208",521.621733606854,745.086274690228,1
"209",542.236600053305,772.69693368813,0
"210",270.511995604116,385.905561531661,0
"211",113.86315072552,161.802174598211,1
"212",524.775562926349,747.691184117692,0
"213",501.913666144697,713.180198850576,0
"214",90.0743630483027,128.266048865626,0
"215",625.141139977878,890.9399115548,1
"216",52.7543732569972,73.3712170226499,0
"217",101.248790416746,143.90887003555,1
"218",368.109999776789,524.900962794665,1
"219",649.726739550327,927.080809714738,1
"220",243.432433985009,346.263819964835,1
"221",279.672732755596,400.660665007308,0
"222",406.627602426885,577.785204953514,0
"223",518.722272128015,741.6692009205,0
"224",669.590033419119,954.425892483909,1
"225",201.642772517874,285.991966329049,1
"226",51.7296967050305,73.3467765748501,1
"227",615.675434352896,876.322254313622,0
"228",-0.306182735181419,0.977343911770731,0
"229",24.268170654104,34.2259620004334,0
"230",208.05335381164,298.18147801375,1
"231",75.6835707609167,107.997465438209,0
"232",265.958669864433,377.678574792109,0
"233",493.246768857753,704.230931472033,1
"234",6.4641459586945,8.44536515045911,1
"235",172.467642221703,243.901837381069,1
"236",519.126491123763,740.147334363777,1
"237",475.151990115661,676.224551488878,0
"238",434.726540125673,618.60931354179,0
"239",198.072110182952,281.817164711421,0
"240",43.3988161093183,60.850980555173,1
"241",70.660870526268,101.975511083147,0
"242",28.1276120565353,37.3375869265292,1
"243",163.671481998515,233.254504089709,0
"244",554.763604228605,789.321290182415,0
"245",370.983640005146,530.868612305727,1
"246",91.6520889132854,127.506915894337,0
"247",106.300934117343,147.473763902206,1
"248",689.531227657716,981.707180185709,1
"249",226.494503806067,322.829668922117,1
"250",605.966888721598,863.45853879489,1
"251",669.43202796981,953.660721040796,0
"252",96.6370453622846,135.456542767351,1
"253",101.624087098457,143.507103833137,0
"254",487.920882192763,696.848266652785,0
"255",567.191673776087,807.117639370495,1
"256",535.833789712618,763.406684661051,1
"257",192.082964739821,272.98075286136,1
"258",415.676045125783,594.385983007494,1
"259",454.99911302238,647.749755795579,0
"260",58.9668171884697,82.9980088016018,1
"261",688.300717376204,980.22921134904,0
"262",185.708100294139,262.401515138336,0
"263",602.736554800673,856.887763387291,1
"264",427.159208017665,608.121376275318,1
"265",13.0820286578277,16.4987387889996,1
"266",488.117256342978,693.970576744527,1
"267",659.186472438628,940.953739697579,0
"268",39.1792724723536,55.1409928996582,1
"269",617.093037753514,880.762525862781,0
"270",499.333525275069,712.77397142211,0
"271",480.939011078195,686.94267034228,1
"272",176.621139252224,250.388579850784,1
"273",304.010874701184,432.370624372736,1
"274",468.494596198858,668.523213709937,0
"275",504.180051893118,718.948338517919,1
"276",615.83601592949,878.04395542061,0
"277",25.8008051564588,37.2612601867877,0
"278",89.8164547679925,127.861023967853,0
"279",251.875977788933,360.1738334822,0
"280",371.911503319084,530.485713274917,1
"281",579.261126338862,824.422090936219,0
"282",432.489265796115,615.636542997323,1
"283",463.852162955509,661.62879914674,0
"284",83.9427821433311,119.016381876776,1
"285",391.408252913423,558.06746594701,0
"286",653.983922296947,934.762541358825,0
"287",387.212044553832,552.504358693259,0
"288",197.494874214907,277.574143550824,0
"289",491.490288445867,700.444146967493,0
"290",650.04617332539,925.068189219106,1
"291",467.424918351201,667.121039894409,1
"292",524.261129449778,746.014202731429,0
"293",461.891657816271,659.376970175654,0
"294",250.613488466986,354.423950184602,1
"295",475.097383327872,676.865553845884,1
"296",691.961598994239,987.419994602446,1
"297",7.17288924392107,7.63867034576833,1
"298",216.541355463093,301.908950308571,0
"299",236.192490822402,336.961081132991,1
"300",395.027902742082,563.014459042344,0
"301",90.9717496523908,126.551282429835,1
"302",574.541909659241,822.088938559173,0
"303",641.134624523952,915.925378595944,1
"304",417.296334458613,596.793061714852,0
"305",141.00166641867,201.931804033695,0
"306",192.368868900451,273.910988738062,0
"307",48.6691192927995,68.1907220066059,0
"308",440.168378122591,629.087768725818,0
"309",510.330485629111,727.02828389802,0
"310",26.3012634251634,37.3418934750371,1
"311",625.556280071162,894.276734892279,0
"312",245.244776530663,349.407853209414,1
"313",539.757039780167,766.90708450391,1
"314",63.8692912311798,88.472668876173,1
"315",672.237335592221,956.709709934425,0
"316",216.667884592226,308.567850049585,1
"317",626.815414231253,894.85694827605,0
"318",403.789213408355,576.518540763063,0
"319",330.129360434659,470.934527910082,1
"320",408.16346902815,584.628881094977,1
"321",467.148449938598,665.233129507396,0
"322",277.663006400258,396.225333137903,0
"323",280.224245387782,398.12280771439,1
"324",171.559904358528,244.568586920388,0
"325",168.69146307252,237.105494894553,1
"326",25.9480872910273,38.1483314917423,0
"327",115.881182380214,161.497035574866,1
"328",159.11116500841,224.568363917526,1
"329",250.361222436545,357.390662486432,0
"330",251.675852696766,355.983415712602,1
"331",389.223300868382,553.195268400013,1
"332",574.943707771746,819.10443229205,0
"333",78.1304863318974,112.204172730446,1
"334",237.772765790229,337.716705133673,0
"335",651.459946023232,930.196766077308,0
"336",191.695828123082,272.019467037404,0
"337",700.620218200925,996.991315757157,0
"338",457.857909668832,649.925666468684,1
"339",303.462123942436,432.374802062055,1
"340",144.683115700615,205.408542631427,1
"341",409.152408340732,581.5906286838,1
"342",193.252885042033,272.668311197078,0
"343",497.907382896208,712.038442244288,0
"344",637.488181680869,909.413421127712,1
"345",2.27024438538425,1.27426292840391,1
"346",474.817688582369,676.943428291474,1
"347",379.119348854815,538.846640069503,0
"348",92.8984818897168,129.583525443915,0
"349",609.571541308772,867.815563819371,1
"350",435.336714696605,621.145278884098,1
"351",433.584389779367,617.989220099989,1
"352",359.460456239018,511.59719012375,0
"353",679.638132861941,970.671084537869,0
"354",395.969457624989,564.349051098106,0
"355",501.734716663833,715.62837038096,1
"356",325.413584832391,463.989465173101,0
"357",620.960436087177,885.861497671343,0
"358",276.585465913404,393.018383813091,0
"359",197.516530550711,279.156655335333,0
"360",650.16438617959,927.149665180128,0
"361",165.584215124944,235.574763337383,1
"362",64.4293998662834,92.2815343562979,0
"363",131.438424858822,182.716681221966,1
"364",130.972334858477,186.039770588977,1
"365",489.397925094969,696.022278789897,1
"366",677.351871387359,967.17108895001,0
"367",305.716714563891,435.912341030315,0
"368",632.403799909914,903.843592960155,0
"369",123.513074193715,174.155890802387,1
"370",475.48578587567,676.407648765715,1
"371",589.325449051153,840.078353235964,0
"372",697.208810899008,992.963688079733,1
"373",319.566811808023,456.340630070306,0
"374",131.125600123229,182.336697804742,1
"375",540.891773963512,770.620793986134,0
"376",439.416975030442,627.104847249342,1
"377",118.301352518327,170.67596631241,0
"378",111.584105326354,156.967727908865,1
"379",386.279849755661,549.685635819566,0
"380",606.879162640792,865.658416346647,0
"381",119.759909718552,168.39053695905,1
"382",597.19961038744,852.301835133461,0
"383",675.121192328482,962.14786634082,1
"384",61.199424441027,86.9561148534995,0
"385",435.633245769762,620.988416081993,1
"386",348.890592728483,496.411661138758,1
"387",14.6278013362929,16.1253702209797,1
"388",217.717510373812,308.415193081135,1
"389",391.271695992754,559.51649961574,0
"390",135.337786969146,191.107505209045,0
"391",183.347075641059,260.688482951839,1
"392",281.754962021311,402.345809413819,0
"393",16.2531368125661,20.0234325430356,0
"394",167.252265183481,239.091623429675,1
"395",281.396583729611,398.031944309128,0
"396",46.1999616868447,64.0392315743957,0
"397",627.729658291991,895.448342171498,1
"398",28.205827404264,38.3756551493425,1
"399",599.350626238865,854.664979370311,1
"400",571.835420519091,816.904333307175,1
"401",502.812687165964,717.709631421603,0
"402",604.567859123573,860.814069829183,1
"403",35.4897907022292,50.6130868680775,0
"404",556.677265647323,794.633421139559,0
"405",109.3627631137,153.0390787418,0
"406",411.55882027256,586.279003713978,0
"407",184.233791623954,260.243128151866,0
"408",599.286493257888,855.652817397611,1
"409",590.55192166123,842.747643412091,1
"410",580.02042275026,825.879724909086,0
"411",348.766012224705,497.181570366723,1
"412",507.687651563383,724.486397080589,0
"413",441.087745086349,627.625672829105,0
"414",280.259321249469,400.490425504977,0
"415",27.833543079754,39.1928610492032,1
"416",21.5004765137254,28.3378534982912,1
"417",186.0365157014,264.319342953851,0
"418",638.60199713522,910.736009973334,0
"419",328.602761760839,469.092162035638,0
"420",570.826870645312,813.858627066482,0
"421",418.259565967538,595.396488156868,1
"422",296.364085459163,421.263541965745,0
"423",160.875843102122,227.128758077743,1
"424",208.207148899487,296.851162966574,1
"425",301.325291436199,428.656965131639,0
"426",122.031482295151,172.982151299017,1
"427",403.982951446254,577.250585858244,0
"428",567.489951017709,806.640882004984,0
"429",108.347006229454,152.982960100053,0
"430",625.388593777941,890.706368464278,1
"431",492.552390274792,702.250501815928,0
"432",561.888295432584,798.30416236259,0
"433",400.678631454184,570.511833194643,1
"434",696.41206627106,994.63343474362,1
"435",76.1461350480331,106.938081254018,1
"436",121.478521714841,171.59212629986,1
"437",327.274697718136,466.260579991853,0
"438",623.665531809943,889.432529561687,1
"439",576.797441762984,819.528628831962,1
"440",455.029265209902,648.295793582685,0
"441",666.499790596576,952.813885668525,1
"442",238.633785966882,338.916049934691,1
"443",634.390719251586,905.385957431747,0
"444",8.61638955998517,12.4077696099412,0
"445",674.978188378906,962.895786236739,0
"446",459.417300493758,653.736284108134,0
"447",201.716879803269,290.240291417576,1
"448",681.842804920109,973.449049994582,0
"449",272.272030843059,387.966881729197,0
"450",18.2145487299854,24.2455040838104,0
"451",282.201396705721,402.446819200879,1
"452",218.146939866251,311.306304813595,0
"453",645.88481086849,918.952805672307,1
"454",585.136348753155,834.566399591044,1
"455",95.2387779930589,135.384579329984,1
"456",277.696880763444,392.45007897215,0
"457",343.647448479956,488.69089306891,1
"458",350.644562779356,499.900932339253,0
"459",169.425252605686,241.502767481608,1
"460",399.908420507307,569.212864191737,0
"461",682.464275626005,971.61252930318,1
"462",509.929830228967,728.108773077372,0
"463",610.728939831066,870.789363841759,0
"464",226.259571286354,321.917168396059,1
"465",589.423157028921,840.383804870769,1
"466",536.933823840165,767.05237533222,1
"467",656.699207909972,938.148689853726,0
"468",634.051743294449,901.742301991442,1
"469",62.3862382344863,88.1690361562651,0
"470",543.927037772399,777.273133538431,0
"471",466.319469317543,663.223758868407,0
"472",461.787663915188,656.100537603954,0
"473",73.6483854157534,103.492261650972,0
"474",698.245500442812,994.838569267653,1
"475",457.57010003549,650.762725522276,1
"476",172.37586830984,247.263298874488,0
"477",668.898971121287,956.072277023457,0
"478",473.463802904657,674.521248636302,1
"479",11.5826348359311,13.6401895873714,1
"480",129.994765575771,186.344362309668,0
"481",597.273576239348,851.441756804707,0
"482",98.2357059941859,138.327903921716,0
"483",439.998213984626,628.872037975816,1
"484",320.402273835647,455.995706586633,1
"485",589.1696469122,842.77184567973,1
"486",405.006229260526,575.220630080206,0
"487",126.299238245814,178.728990589036,0
"488",602.671128888147,860.209477170836,0
"489",331.513421966879,472.628839461599,1
"490",319.781312429912,454.21230193181,1
"491",190.939565508661,270.941534573212,1
"492",570.120901688546,813.197531514801,0
"493",652.889648300501,931.821318520932,0
"494",658.543015584325,940.250398800708,1
"495",502.996870668636,718.64180669887,0
"496",476.524093482071,680.397150172619,1
"497",691.590047439417,988.44004510087,1
"498",591.001343386858,844.270780883264,0
"499",618.736616585837,883.249495871365,1
"500",692.213671677802,984.469084996032,1
"501",411.40767160947,584.924809012329,0
"502",141.226603203624,201.901680988725,1
"503",685.583374980675,979.015731346328,1
"504",410.151552349301,585.338766596513,1
"505",19.2627252998434,26.5251489621587,0
"506",647.823508718427,925.001843484119,1
"507",560.569126062816,797.851136486745,1
"508",237.598149150692,337.877354162978,0
"509",179.428552087327,255.649911910761,0
"510",677.105532772294,966.341289739357,1
"511",31.8325578123867,45.371249296004,1
"512",381.221787140167,543.723232784774,1
"513",451.144320673372,644.777326472104,1
"514",698.245414154248,995.400267167715,0
"515",621.386555251208,885.621430677362,0
"516",187.461804810369,265.646906601498,0
"517",493.311340025563,703.1810705401,1
"518",387.515583773024,551.607730874559,0
"519",551.712424083025,784.998192572733,0
"520",589.504969388722,841.556892867666,1
"521",582.542640138368,830.093995584408,0
"522",461.485633997995,661.331091856118,0
"523",550.24775781252,786.148876050487,0
"524",145.442386936421,209.027811121428,0
"525",404.696139070922,578.388029868482,1
"526",186.252360180227,264.61687184195,0
"527",8.25550665137346,9.37694172095507,0
"528",574.616535125519,818.951565287774,1
"529",241.319121563827,342.887142155087,1
"530",341.816625276037,488.016989518655,1
"531",99.6847520307198,140.278052598936,0
"532",599.656102743738,855.806783193955,1
"533",127.475226397774,180.387268087361,0
"534",64.984591097502,89.3176067154855,1
"535",207.010112359637,292.536767306272,1
"536",228.22426875264,324.09914173116,0
"537",261.173227311528,372.630010418594,0
"538",264.139708529462,377.000390279107,0
"539",402.122182821738,575.859205976827,1
"540",149.049125930544,212.02805495658,0
"541",295.547353734058,420.683741443092,1
"542",359.687063700725,512.662623711862,1
"543",88.3260242886182,124.892774659675,0
"544",197.967017095472,280.808033052133,0
"545",449.481197067134,639.744259393075,0
"546",680.937545717366,970.768079919275,1
"547",447.436975923843,638.656005168334,1
"548",255.06239975453,363.049939864548,1
"549",614.972605026907,878.944366907934,0
"550",658.109702119911,939.307248163037,0
"551",508.157110818729,724.285938005196,0
"552",632.893690772367,900.66140437033,1
"553",137.083321658514,194.603487321641,1
"554",661.698515004615,942.864582368173,1
"555",384.605692627674,549.414863355691,1
"556",313.986530191658,446.337821132038,1
"557",158.019162886344,225.546301186318,1
"558",568.274613883444,809.334970596945,0
"559",391.76830387854,557.085238876753,0
"560",674.910086540121,960.816309221322,1
"561",311.425406574996,445.788578379666,0
"562",228.791330193455,324.223444328411,1
"563",99.6908569990043,142.092081081821,0
"564",355.920743087605,506.686481356854,1
"565",147.94162332662,210.474588591373,0
"566",157.445503497903,224.127683403203,0
"567",161.037179921334,231.088037818205,1
"568",409.930322642269,581.726221811492,0
"569",31.152167143612,44.4954775928054,0
"570",539.067696378529,768.778259943472,0
"571",663.817849517224,947.144745445345,1
"572",140.295828478777,197.949691328919,1
"573",252.614213156618,356.986506341491,1
"574",130.822527636865,188.12176012597,0
"575",223.809206422555,318.837736170273,1
"576",659.178666120892,938.367961207638,1
"577",677.300849496558,966.020948122954,1
"578",22.2636677696395,31.123905915767,1
"579",573.932621787662,819.075525035849,0
"580",497.995579425583,710.172647024738,0
"581",11.0498273049579,15.7553236149251,1
"582",411.242201062269,586.170460781548,1
"583",73.6676122454702,104.338309447048,0
"584",430.364375259481,610.590833761962,1
"585",55.764345045518,78.7859110550489,1
"586",38.9643192702808,54.6354359707329,1
"587",78.6378431773902,112.421687273076,0
"588",468.987996421525,668.810540857958,0
"589",239.923347645882,343.358642344829,0
"590",445.156848152807,636.128564303275,1
"591",76.1950926366928,105.079998047557,1
"592",658.633862438814,940.59181912872,1
"593",488.234827644951,696.887543584686,1
"594",420.44186747143,596.649266723078,0
"595",251.847730864242,359.96812444157,0
"596",472.58537753402,673.765544389375,1
"597",680.231120559363,970.681107642828,0
"598",127.003684478499,180.136518341023,0
"599",487.440258577964,695.218463546131,0
"600",546.826595982796,777.831342703896,1
"601",570.78643556439,811.920657908544,0
"602",338.752007086095,480.92838811269,0
"603",640.17696486264,912.664700804511,0
"604",671.88527205228,961.202980988659,0
"605",515.484447212933,733.348575185984,0
"606",419.374878246162,597.767265556147,0
"607",206.000991434813,291.262966549722,0
"608",164.930126604127,234.1314678567,0
"609",460.844799155126,656.321700908476,0
"610",205.35704462239,291.032132060733,1
"611",311.370078343468,444.385249715997,0
"612",125.958603339214,176.108831351157,0
"613",512.886311685538,732.954349339474,1
"614",202.005585927424,285.983084348962,1
"615",617.496268071423,880.750418681419,0
"616",306.985247166826,437.991005581571,1
"617",260.679173952993,369.229416203918,0
"618",697.532368445832,992.407384122955,1
"619",56.2499340783705,80.1563838820439,0
"620",361.890082169516,514.173830543412,1
"621",585.948837848419,835.580944499234,1
"622",110.7501797419,157.06379801617,1
"623",39.6683498992227,54.7117194472812,1
"624",471.232824530302,669.324060540413,0
"625",533.56705918758,759.57724334579,0
"626",518.837893784282,740.192970752483,0
"627",201.641058924405,288.244624976534,0
"628",16.8499897945074,24.5793684718665,0
"629",277.71079753496,394.313623807859,1
"630",567.634055703885,810.039693822619,1
"631",514.744975597307,735.273415360367,0
"632",424.58287685111,606.61196556408,0
"633",341.21212082951,486.757705424214,0
"634",251.887402885532,357.525027962867,1
"635",539.92160233244,772.331069190754,1
"636",648.033123519454,923.087865395006,1
"637",626.9994024483,892.506887433585,1
"638",581.068518422808,830.898120415863,1
"639",568.709487757712,811.519872803707,0
"640",428.459549337321,612.836179069011,0
"641",317.351184263044,451.354924325366,1
"642",67.9374976513071,97.3898856716696,1
"643",116.239927261847,164.368347651092,0
"644",301.616426393325,430.663464815821,1
"645",368.438327509904,524.146640643943,1
"646",50.6614608136876,68.0856324539054,1
"647",263.293211484144,372.506682638777,0
"648",331.946258495231,473.534569763113,0
"649",666.738605730527,951.201848150231,1
"650",291.658193480157,416.479986049701,1
"651",634.684800407633,906.371155241271,0
"652",237.271136135351,338.990386102349,0
"653",13.167141656326,17.0326098497026,1
"654",527.228812378652,750.133942631772,1
"655",456.313716630207,649.601252064575,0
"656",433.694375015675,620.129238139372,0
"657",244.190947714195,348.729318404105,1
"658",346.248451491122,492.160780730657,1
"659",514.357076397453,734.107710018056,1
"660",556.994110431984,793.399193179328,1
"661",35.1931682607424,49.3454976361245,1
"662",531.224576184749,758.102819532389,0
"663",198.236558651118,279.662829346256,1
"664",549.464737104379,783.13832813222,0
"665",200.432586841125,283.459241539473,0
"666",602.268964117769,857.040912300115,0
"667",117.747994555004,166.971251387615,0
"668",180.701826028667,256.501153616002,1
"669",566.341777305194,807.402324439958,0
"670",232.089910694273,328.406863695011,0
"671",25.8588340452612,34.8086944185197,1
"672",123.401713490533,173.880729915574,1
"673",336.197647662025,479.770152881742,0
"674",128.392412231682,182.097903818591,1
"675",697.473713034846,996.652917339932,0
"676",139.682905649157,197.106868966715,0
"677",215.080533993142,306.074763881508,1
"678",71.6978491960371,103.593281672336,1
"679",311.034243898538,438.689925957005,1
"680",217.363668092931,310.895457992563,1
"681",2.73340724304567,1.38233764143661,0
"682",17.9829057283057,26.0810750783421,0
"683",166.430001577542,236.988303510239,0
"684",663.660252087637,949.086391044315,0
"685",363.68344111975,517.376789187547,0
"686",152.003174464706,218.689142977819,1
"687",536.610127803214,767.034352025483,1
"688",628.186859331985,897.869428384351,0
"689",226.585035883018,322.092029384337,0
"690",314.118130177186,446.86640850082,0
"691",445.418245656859,636.198253631825,1
"692",586.997895656511,837.516018744791,0
"693",317.879544464831,453.89676927519,1
"694",251.187597558316,356.602455021115,0
"695",234.401372740968,330.275398916798,1
"696",526.56141899919,751.466466892976,1
"697",29.677802842679,43.7875398653559,1
"698",502.539910980587,715.779195874231,1
"699",163.484984111726,234.163145352853,0
"700",680.682408533823,971.844111361541,1
"701",531.858725194071,758.487377683399,0
"702",689.59396736249,982.340288638137,0
"703",420.177107864171,599.656403129222,0
"704",696.097005252737,992.488061837386,1
"705",228.157968790999,327.027592623141,1
"706",586.900371247611,835.462300076382,0
"707",39.9099917515601,57.1159225478768,0
"708",688.562846238255,980.439558855258,0
"709",564.472374901477,805.060162619222,0
"710",27.8278861119116,37.7237960568164,0
"711",437.567034624708,623.996850151336,1
"712",456.794367816155,653.638871213654,1
"713",537.05689089096,766.166853361297,1
"714",219.492767894948,309.610080610262,0
"715",438.564880103924,624.931466310052,0
"716",420.25598414485,598.234872756293,1
"717",178.627999506653,254.76844411972,1
"718",75.0206431266031,107.985627139919,0
"719",622.274004850386,887.172297762008,1
"720",414.216048368424,589.337948026601,1
"721",409.941671484222,585.397373569664,0
"722",610.745698623717,869.874692480313,1
"723",470.292884499703,669.40292329411,1
"724",119.863122002931,169.643040594645,0
"725",249.464485864046,353.700099045178,1
"726",383.186509672977,546.640542939305,0
"727",559.959098911157,798.785491438117,1
"728",504.984326375995,720.681773021584,0
"729",222.143997334035,316.694622719195,0
"730",210.614454850604,298.203476184513,0
"731",371.248328251441,529.894293095917,1
"732",507.106840446801,726.315417888109,1
"733",119.889697411168,169.284433381632,0
"734",616.121820260998,881.325739370193,0
"735",676.57713201957,964.549404335674,1
"736",237.114312010573,337.523762689205,0
"737",555.363703867513,789.777654534671,1
"738",530.421820406448,755.162665481446,0
"739",45.135488844242,60.9753966601565,1
"740",320.721240017901,455.996086418862,0
"741",267.858173422296,381.145367739955,1
"742",511.399177559536,729.567356514512,0
"743",504.426038961452,721.079789049458,1
"744",133.985270909091,190.250801874558,1
"745",612.864988156693,875.05728552863,1
"746",209.707378182634,297.207302084193,1
"747",25.9769137076204,35.8142764025833,1
"748",12.2278478990563,16.3456547709648,0
"749",362.65267095787,519.022137736436,1
"750",612.45505988816,877.409896806115,0
"751",158.44046335205,225.516545413295,1
"752",646.282027888253,923.363684998825,0
"753",571.481235092374,816.61115283519,1
"754",482.436221290125,688.98072052421,1
"755",311.31583372038,445.326153226197,0
"756",386.701940192137,552.353039627429,1
"757",688.814504005224,983.394673830131,0
"758",582.058427677503,832.209550846601,0
"759",398.379455237662,567.366658592597,1
"760",103.154449343348,145.075988874771,1
"761",69.7317004494153,99.0674904200714,0
"762",550.249864601209,784.007846443215,1
"763",112.645147751318,158.978883270873,0
"764",493.004838875805,703.300152479438,1
"765",485.337068311835,692.291763883084,1
"766",35.5696361408383,50.3688824241981,1
"767",416.877713580394,596.822344616521,0
"768",147.40380479748,210.543169823941,1
"769",276.224612791222,393.025882766582,1
"770",271.77432876822,387.721116088796,1
"771",139.203653883068,196.180473512504,0
"772",121.507256454263,172.354352356866,1
"773",629.317719921657,898.067691736389,0
"774",463.816673215485,664.90405430831,0
"775",293.526827371083,418.484535168624,1
"776",513.06706055534,731.600800329354,0
"777",499.051920874034,711.694989476586,1
"778",642.550997543761,915.674429280683,1
"779",596.152412877658,848.898732351372,1
"780",486.470200802538,694.830726248212,1
"781",315.110532956171,448.621456923662,1
"782",424.851784743068,603.617870452115,0
"783",352.246556940271,498.355443846434,0
"784",234.274502165208,333.53915583808,0
"785",219.701382047311,311.557262037182,1
"786",629.830703771541,898.310534552671,0
"787",356.836826133653,511.365255214507,0
"788",174.323589239323,249.449835546082,0
"789",234.871169855667,332.625087602763,1
"790",515.27229968421,734.961369112367,0
"791",670.490829345676,957.390233218437,1
"792",49.0471446570216,67.6219756950159,0
"793",93.3746377868226,130.323013669113,0
"794",503.237925246418,718.995958500775,0
"795",428.92813225777,612.686615186278,1
"796",89.7013598283602,123.985552940983,1
"797",405.896056696339,577.273459759774,0
"798",460.623702318691,655.820997365518,0
"799",67.732697812195,97.1854842959438,1
"800",259.489778784523,367.777104534209,1
"801",598.294469586937,852.662072857143,1
"802",382.72698914104,547.206488075433,0
"803",207.974161418502,295.430343179964,0
"804",257.597209525332,367.334470198257,0
"805",61.5521727374023,85.5997667612974,0
"806",459.535249449371,657.232854693197,0
"807",440.162127093898,628.296312101651,1
"808",665.269150785258,949.05649827118,1
"809",232.400371968077,333.033109290758,0
"810",560.626846104609,796.92017769604,1
"811",543.944547341405,776.324164001271,0
"812",365.529133079163,521.61264028796,0
"813",690.406780276944,987.166643947363,1
"814",294.095489940619,417.783856121125,0
"815",401.607293596566,573.083560450701,0
"816",624.456976607646,889.194460117724,1
"817",71.539985974615,102.246363095473,0
"818",528.942474274227,752.983400747878,1
"819",544.661898311806,776.582074969076,1
"820",214.763419513462,307.580535134766,1
"821",4.54656795314151,5.1084497042466,0
"822",7.52105778308894,10.1829931600951,1
"823",45.7885300010901,62.9532540170476,1
"824",358.781330776144,511.51666429569,1
"825",248.517190965438,355.373316766229,1
"826",415.370649674749,593.472858188907,0
"827",544.047468916612,777.685390832601,1
"828",539.007881206824,767.061232191743,0
"829",219.270017243044,309.979828560725,0
"830",281.149585395001,399.685365397716,1
"831",73.1505677080232,104.011233193567,1
"832",464.435431349401,663.882384463912,0
"833",46.6153882200581,63.7642000119668,1
"834",214.940390786712,305.846034635324,1
"835",338.464357821938,480.943512320286,1
"836",599.767083694118,853.146700169658,1
"837",338.569886719906,481.653772769496,0
"838",516.166288041325,737.270859779092,1
"839",116.668508949416,168.023067071568,0
"840",567.360025575401,807.835266890237,0
"841",459.364623146306,655.14574451535,1
"842",271.214575696081,386.364480505697,0
"843",345.631306455941,493.625992507674,1
"844",610.855344913501,872.542189094704,1
"845",195.276344128419,279.157626431203,1
"846",163.361480026205,233.892944149207,1
"847",539.33627520995,768.03956138785,1
"848",220.664514889239,314.686590448022,1
"849",686.379495675903,978.456352213863,0
"850",654.112634590443,933.563315880485,1
"851",144.256357859163,203.960521693574,1
"852",618.173832725333,880.141688573174,1
"853",390.412575737647,555.062151479535,1
"854",80.162189099858,114.631810525898,0
"855",319.312122548362,451.953731113113,0
"856",108.575555722032,154.172780020628,1
"857",473.28761841431,672.296627794392,0
"858",344.823070690086,489.532159351744,1
"859",693.912543974992,990.055262696464,1
"860",370.77562732533,525.64760154183,0
"861",626.316584453535,894.659362016246,0
"862",256.056771316331,366.044371545548,1
"863",134.454069279398,189.887472228147,1
"864",301.902785840984,429.540152285714,0
"865",173.982429559909,247.265282933833,1
"866",697.51731373136,994.368905670242,1
"867",676.077498415114,962.932679041056,0
"868",23.2364612775463,31.9902055382263,0
"869",147.184128964451,207.98757694778,0
"870",370.776121320043,526.68311653845,0
"871",5.63106061913085,3.09150544786826,0
"872",595.90200600827,851.79539712402,1
"873",497.843984530083,709.627637319965,0
"874",450.009134977393,640.439178620931,0
"875",458.175391766511,653.803582331166,1
"876",485.287407051127,690.749955320265,0
"877",97.0921285062426,138.059896348044,0
"878",90.9938466707283,128.754636155907,1
"879",95.6704607163336,135.145228504669,1
"880",223.973176977314,319.402050330536,1
"881",430.389706027886,614.613556649303,1
"882",433.538341586779,617.098044374026,1
"883",468.849305741336,667.116531916196,1
"884",118.802314172518,168.895791045623,0
"885",393.402703041327,563.765634609852,1
"886",334.496828451757,475.419326356379,1
"887",348.714149109143,497.401482295012,0
"888",505.455853753627,721.015848608455,0
"889",62.0163096130215,88.3687986012083,1
"890",304.141271910217,434.158162290696,0
"891",456.8961078229,650.834509161534,1
"892",314.696641060639,447.959059289424,0
"893",253.786155895729,359.65572185372,1
"894",525.973869905661,749.967273273272,0
"895",34.0961715051307,48.1377693121321,1
"896",334.988232808243,477.265736408997,0
"897",534.348861260341,762.062951511238,0
"898",93.9792548128958,131.106613371754,0
"899",364.815767055822,516.94308497943,1
"900",586.128867173563,835.283320478629,1
"901",99.7988599672704,140.449238076573,1
"902",276.510900203474,393.535451309988,0
"903",120.527040540524,167.318430139683,0
"904",251.734121125426,358.445944110397,1
"905",99.5741596225059,139.721087366575,1
"906",130.420658719494,185.333007015288,0
"907",260.04186174123,369.218221736373,0
"908",594.196295925872,849.781468963483,0
"909",25.2339209525019,34.9066878771409,0
"910",451.023541233161,644.120638416382,1
"911",253.482647168741,360.670253271237,1
"912",201.531104488789,284.347947076662,1
"913",349.629905359498,498.155031290604,0
"914",519.431596874089,740.880076322006,0
"915",187.298519154535,264.912951878272,1
"916",358.996847960814,511.747387602925,1
"917",281.838983679174,398.560419565765,0
"918",11.3998152532489,12.824861682253,0
"919",551.497397084993,786.787367281504,0
"920",406.297730267828,579.706357289571,0
"921",504.298976333492,717.474221268436,0
"922",60.1507314049331,87.0703452676535,1
"923",589.718918385245,840.026791650569,0
"924",83.3047855402584,120.359289536951,0
"925",476.700615141152,678.978226988576,1
"926",82.2448451442947,117.449171771994,1
"927",515.259238567864,733.288790570106,1
"928",412.005170546865,586.548012156039,1
"929",29.2454942171517,41.9565101105254,0
"930",630.429782696014,898.173513274407,1
"931",120.432751306251,170.841572466306,1
"932",5.10995269296584,5.23820090526715,1
"933",47.7491722209907,65.2167759127915,0
"934",567.0270384856,808.920503158355,0
"935",482.127650120108,687.549280786654,0
"936",524.116271598741,747.756739252713,1
"937",28.4657292802275,38.1833449057303,1
"938",696.06182477322,990.257241100771,0
"939",500.601068909234,717.151528320741,1
"940",56.5021083526281,77.2179347730707,0
"941",226.887502748265,319.421183361439,1
"942",683.053782313058,974.532118916279,0
"943",661.679202290272,944.85033269925,1
"944",43.0943464972932,62.2332339962013,0
"945",690.62030385762,987.173908907454,0
"946",37.3467684562863,49.3095868597738,1
"947",296.146140730293,424.12821337441,0
"948",341.132600241534,485.920985265635,1
"949",115.085087896139,163.825720910914,0
"950",277.982207716608,396.147666634759,0
"951",129.596761348213,184.345752110705,0
"952",10.294130616251,15.0318053229712,0
"953",442.630692658426,629.852292384021,1
"954",190.954357510726,270.742633437971,1
"955",164.603859227731,231.783321061637,0
"956",531.592858318713,756.756562463706,0
"957",658.379528967188,938.816702166572,0
"958",337.847552253523,480.73417289299,1
"959",599.430367332612,856.795065250481,0
"960",684.610928347576,979.15482251253,0
"961",355.506518649005,506.317300712457,0
"962",605.605849097995,864.587284577312,1
"963",366.627733198863,522.801062993472,1
"964",286.463171721809,409.188868008088,1
"965",565.354603584769,806.674196291948,1
"966",683.570520878536,973.424782599555,1
"967",281.592915557882,402.62114591198,0
"968",208.011293515291,296.852956295712,0
"969",131.987750245029,190.438990019727,0
"970",469.080005533732,667.526629074477,1
"971",49.0613171815281,67.0837264456786,0
"972",198.511678152602,283.791162340203,0
"973",157.356988046215,221.931060592644,0
"974",323.729848249898,459.381299637957,1
"975",264.685289091908,376.169941190165,0
"976",380.407520866026,542.502599934116,1
"977",271.582793231367,386.269868088886,0
"978",580.578561042891,826.661020962987,1
"979",78.0141880682677,107.301591396332,0
"980",149.665167802621,210.71374566271,1
"981",357.540443061638,510.246287844144,0
"982",617.337693809948,879.117098695831,1
"983",156.73198052406,222.872918219073,0
"984",669.151050172784,956.179318304406,1
"985",296.929075764906,422.541993980762,1
"986",427.296919570804,608.452314350288,0
"987",560.259221351753,800.096002874896,1
"988",79.8196218573981,113.097989837173,1
"989",120.98046536762,173.248733280692,1
"990",629.52295487303,899.039234658703,1
"991",154.565492050723,221.0924435989,0
"992",617.452622294064,879.919990526279,0
"993",118.29732899873,168.342653442873,1
"994",193.184730189999,271.89636022551,1
"995",101.545867016203,143.100682883291,0
"996",680.332966517141,969.618271707091,0
"997",24.6710890702983,32.4616896787193,0
"998",110.779591704544,160.345849685837,0
"999",53.4142688914094,73.8590623259079,1
"1000",54.3913655504365,77.5225341694895,1
"1001",429.773305913644,613.049223779468,1
"1002",362.643159514445,516.361454609782,1
"1003",460.085427498133,654.130484601483,1
"1004",349.519541477945,497.123843078502,1
"1005",57.4353099491312,79.0386095058639,1
"1006",417.165626059813,594.335382283665,0
"1007",679.390320923145,969.291866730899,0
"1008",414.403563582532,592.552540748147,1
"1009",326.155189534892,466.701109084999,0
"1010",368.625268213001,527.333087867126,0
"1011",203.319271033694,290.085223107599,0
"1012",62.263696658469,86.4030719180591,0
"1013",448.75667139682,639.898501050426,1
"1014",166.078044436026,235.447610253934,0
"1015",350.94210445429,501.86460448592,1
"1016",489.63729028808,700.099449801492,1
"1017",469.268197178903,665.684178069234,0
"1018",564.402679906839,803.242957548006,1
"1019",109.644012960135,153.927462363616,0
"1020",696.085418664376,992.937772031408,0
"1021",692.602949940599,988.010930512799,1
"1022",15.2818553141351,22.3679298784118,0
"1023",455.169923657011,648.874113387661,1
"1024",109.604668613165,155.606515963795,0
"1025",359.939268579091,511.771397512173,1
"1026",574.118355334233,821.186382287415,0
"1027",406.475218718158,577.486076722853,0
"1028",666.461737617243,950.44629532448,0
"1029",509.089641315298,725.653192376252,0
"1030",602.523768701914,861.012865365017,0
"1031",689.270966867623,980.769557467662,0
"1032",46.042998069666,62.9236692034174,0
"1033",433.631280108683,617.625537137501,0
"1034",456.76784318145,648.759024920175,1
"1035",146.254251680118,208.8459891784,1
"1036",635.907816759079,905.547511499142,0
"1037",273.29031071161,388.891207062872,1
"1038",4.39402686591452,5.99270029552281,1
"1039",636.573777315687,909.177364352625,1
"1040",241.205910509177,344.760396553902,1
"1041",211.751045823687,302.127345699118,1
"1042",396.465171985682,566.090173657285,0
"1043",254.751437502251,361.928307155846,1
"1044",581.231672625881,830.81538374559,0
"1045",180.528980257582,253.849474583287,1
"1046",458.522965189613,654.736646364676,1
"1047",333.558502341176,475.035011502681,1
"1048",256.195220915745,363.995660708053,1
"1049",542.40251608907,774.231988308253,0
"1050",88.7754864895767,125.992538754595,0
"1051",84.6424760775303,120.177839052631,1
"1052",530.996168662557,757.372852233471,1
"1053",450.996926243456,641.937357416376,0
"1054",492.702369205671,700.489968504058,1
"1055",138.725605636797,198.07123182714,0
"1056",647.930752426619,924.266049842583,1
"1057",143.864555839104,201.489165278384,1
"1058",226.230634171758,320.60711959633,1
"1059",688.054510802874,980.635698124068,1
"1060",520.979134122646,744.221610928187,1
"1061",415.067144167514,589.882110144943,1
"1062",403.427992501161,575.307209964143,0
"1063",540.606199999896,769.401135487715,1
"1064",223.495901634075,319.401610255474,0
"1065",278.455674460759,395.513744322583,0
"1066",99.3834063954586,140.71551047056,1
"1067",393.034247054268,561.245364270173,1
"1068",379.044808876946,540.146678091958,1
"1069",2.58736143974182,2.33225687546656,1
"1070",626.872763282683,893.186160039157,0
"1071",167.623689016708,239.449236287037,0
"1072",157.480795213566,223.091844630428,0
"1073",122.709637293798,173.20727946586,0
"1074",520.170468392337,742.695871152682,1
"1075",149.367676448442,213.543379467214,1
"1076",322.583815894479,459.378383791773,0
"1077",270.044374220469,381.394395099487,1
"1078",46.9387919859405,63.8382019365672,0
"1079",202.549081564836,289.589124303544,0
"1080",515.81338250454,735.14437637385,1
"1081",654.163723542847,932.271253869636,1
"1082",147.15370508507,209.728820457822,1
"1083",196.361645830243,280.078570257872,0
"1084",382.425594087281,544.575871705078,1
"1085",167.449774978067,239.271346875234,1
"1086",3.13153717725043,1.30566060938872,0
"1087",170.551248052285,242.713155328995,0
"1088",125.803226342249,176.383378877537,1
"1089",51.4589750173243,69.9707302681636,1
"1090",423.406409737168,604.099584011827,0
"1091",536.394398538067,766.192332125735,1
"1092",213.343470349515,303.881178798387,1
"1093",595.426554860186,846.970311798854,1
"1094",158.747688490972,227.352485307958,0
"1095",7.82518690164878,8.88786830124445,0
"1096",508.855606632089,722.724200694356,0
"1097",133.385055044889,190.244208191754,0
"1098",38.3792206757699,52.3358130336273,0
"1099",666.536718156552,954.735085454537,1
"1100",218.927705926299,309.433120426722,0
"1101",590.168453268394,840.473236636491,1
"1102",61.4360356402168,84.8246913033072,1
"1103",314.76713093743,446.993643923895,1
"1104",242.628564681586,345.001295782859,0
"1105",172.765785712895,245.23775687255,1
"1106",448.147100175942,640.694998999592,0
"1107",115.468179221675,162.615766160656,1
"1108",680.658916192383,973.764967135387,0
"1109",290.220950119053,410.667766538216,0
"1110",464.766418537587,663.322949042777,0
"1111",476.198176830524,682.332835452631,0
"1112",360.998193131278,510.826942698564,1
"1113",484.977419530263,690.977028004825,1
"1114",198.315613762175,283.878166017355,0
"1115",455.015424591706,645.731706234394,1
"1116",192.791086960534,275.667462985497,0
"1117",182.763281508612,262.336558012292,1
"1118",173.994219815772,247.559202834265,0
"1119",293.871737537953,420.094824946951,1
"1120",690.856600245573,981.893575001741,0
"1121",552.477393555795,788.680046854075,1
"1122",413.316558813358,590.571689392207,0
"1123",362.236499691745,517.825993713923,1
"1124",439.160489005815,624.943503479473,0
"1125",687.571960132963,984.630646506557,0
"1126",305.837010103912,436.797038674587,0
"1127",15.132670784341,17.5495824466925,0
"1128",663.135271664985,946.358842559159,1
"1129",135.873954421942,192.069853307214,1
"1130",444.998602774248,633.866686874069,1
"1131",244.903993543859,348.724078207975,1
"1132",589.172177842701,840.35826470051,1
"1133",24.7500368085159,34.7399512978736,0
"1134",196.537315676972,279.596812504577,1
"1135",316.195519961679,448.876165484777,0
"1136",13.5159532218415,19.7928983378224,0
"1137",337.896057882508,480.457813197048,1
"1138",552.332918269021,786.958765120944,1
"1139",690.589839882049,985.606666704174,1
"1140",84.3681341370998,117.646039071959,1
"1141",612.298895647531,876.209832812659,0
"1142",258.496997536635,367.161958680488,1
"1143",70.069165199791,98.3295236171689,0
"1144",624.147546916702,892.048204313731,0
"1145",342.178500641928,484.890148508828,0
"1146",323.875834263284,460.809384849854,1
"1147",330.468730520467,470.75391663867,1
"1148",464.629332517069,662.689025800209,1
"1149",88.9429885899688,124.153531127376,1
"1150",126.24351802785,180.704095848603,1
"1151",367.832405566606,522.689414415043,0
"1152",149.81915625576,211.971037091687,1
"1153",342.363030079251,487.53551786067,1
"1154",255.721130362103,361.693791341269,1
"1155",598.628954860893,852.632426637691,0
"1156",115.738383188137,161.542277710279,1
"1157",677.284438709533,965.153726017568,1
"1158",526.882344690803,753.026211538352,1
"1159",648.398632337614,928.744068760425,0
"1160",102.6849283792,148.080243394012,0
"1161",258.500054741252,368.381865360774,1
"1162",124.179151838047,173.126088408055,0
"1163",200.027037108944,282.148247462232,1
"1164",471.340828312607,671.401590712136,1
"1165",195.393758815481,279.378578536911,0
"1166",4.49590741643971,4.52737338258885,0
"1167",93.9017228441727,132.461516566342,0
"1168",604.816040596538,861.765803093556,0
"1169",93.0334968912434,130.833469805773,0
"1170",495.477993255107,706.695787941338,1
"1171",563.465667936358,804.867101782467,1
"1172",551.461789597996,785.868412398733,0
"1173",646.988147432937,922.710013271542,0
"1174",556.137973050815,791.703362764092,1
"1175",255.665637891707,363.222810280742,1
"1176",600.243710843094,855.573041697498,0
"1177",421.612894386682,599.480276111048,0
"1178",594.040139107122,846.491464076797,1
"1179",101.698998573742,144.945227734046,1
"1180",27.6258710665589,35.6942591874395,0
"1181",518.64994816045,737.447948124027,1
"1182",192.387112364925,271.235683349892,0
"1183",124.49019331006,178.140066417167,0
"1184",360.222456561753,512.385281755356,1
"1185",317.133518258281,451.123653948074,0
"1186",595.624949334203,849.743856036337,0
"1187",209.931552664382,296.242050234927,1
"1188",39.2012571227699,54.8651211939286,0
"1189",513.861591024362,730.121276111109,0
"1190",476.059930258637,679.155734242173,1
"1191",324.372045027422,462.982080090791,0
"1192",376.545271530453,535.974814417306,1
"1193",17.859237548357,25.6484878049232,1
"1194",691.698351928091,987.391928885132,0
"1195",30.9319472974239,41.0718133966438,1
"1196",297.082373668296,422.911395825678,1
"1197",265.109350556455,379.186758317286,0
"1198",69.2557529454456,98.3514008370694,0
"1199",404.134363508109,573.459628316341,1
"1200",416.498244126333,594.243817595998,1
"1201",473.700001367592,675.193293264834,1
"1202",174.561355880898,246.25804810971,1
"1203",411.592362699407,590.283364166971,0
"1204",96.5025522457731,135.045387986815,0
"1205",510.081990654888,724.783754311502,1
"1206",5.58925246848641,5.20185912516899,0
"1207",444.435359854856,634.259719028603,1
"1208",594.828692833359,846.25849899184,1
"1209",440.606311278948,627.239736536052,1
"1210",445.723248356685,636.552179581253,0
"1211",514.243981699021,735.276180483168,1
"1212",1.95532359241914,0.847663885680959,1
"1213",373.597117301667,534.641929862089,1
"1214",318.818539166978,456.101021759212,0
"1215",678.072960454633,968.578446905594,1
"1216",17.3463859488395,22.9837000246625,1
"1217",343.089423376538,487.477096733171,1
"1218",423.580430926708,604.796428916976,0
"1219",137.62338998526,192.695227649761,1
"1220",587.55336522058,837.91725997394,1
"1221",77.8436053372793,109.676421579905,0
"1222",187.894536030856,267.301084563369,1
"1223",218.980063820901,308.449719435303,0
"1224",670.942753685052,956.860508446349,0
"1225",186.250263018633,263.426027793204,0
"1226",607.492788302285,865.369833170436,1
"1227",295.548434747165,422.551399538526,0
"1228",340.909038774894,482.870227930835,1
"1229",535.335159070369,762.977204894414,0
"1230",271.146994988204,383.417662992608,1
"1231",557.137119474322,794.834040009649,0
"1232",530.920397900674,755.078248757171,1
"1233",321.617888496799,453.957544757752,1
"1234",149.375732773593,210.847190982196,1
"1235",684.76944741984,977.920150755672,1
"1236",254.34479317827,363.207022471586,1
"1237",686.527599383681,978.660284904996,1
"1238",79.3015574202405,114.025128208799,0
"1239",593.139082072735,844.09832518897,1
"1240",233.643865311243,330.265543514863,0
"1241",604.495814402148,861.752949738409,1
"1242",469.951237647863,669.326168574393,0
"1243",373.938421959762,533.039554922143,0
"1244",324.716835506016,464.594830056187,1
"1245",44.275787695132,59.8745989005547,0
"1246",354.106695017274,505.574560537236,0
"1247",295.509710741586,419.809181109304,0
"1248",439.679157185833,630.149833832402,0
"1249",638.613472726094,913.480934910709,1
"1250",401.017979693861,574.561091305688,1
"1251",429.140267599056,611.241920397151,1
"1252",693.756745035366,989.905495058047,0
"1253",371.95215339415,532.114363161614,0
"1254",47.9472994793945,66.73019405175,1
"1255",604.256706759978,861.13581703417,0
"1256",598.584194489582,853.030296128942,0
"1257",177.015987950536,251.382045116974,0
"1258",468.216274751699,666.810504136607,0
"1259",226.334585499155,321.786196986912,0
"1260",581.212052355671,830.698028147221,1
"1261",118.834314377039,166.89251284115,1
"1262",652.809273498801,933.245505160885,0
"1263",627.484739907221,893.458893302595,1
"1264",250.536299987973,354.892679204,1
"1265",641.097565967163,913.858816574095,1
"1266",134.348794547905,189.655866677407,1
"1267",289.087790030338,409.723177050473,1
"1268",385.012586609393,547.095556596061,1
"1269",278.770755342326,397.974334017606,1
"1270",7.22037452375783,8.04499011556618,0
"1271",149.736354396199,212.383489070227,1
"1272",185.900803131952,264.592909382656,0
"1273",135.713354587997,193.431202717591,0
"1274",696.977409114767,993.197950362694,1
"1275",178.431291291575,251.662832544884,1
"1276",590.726656705977,844.6651742002,0
"1277",493.930285476904,704.81917087594,0
"1278",514.795163569914,731.834219445242,0
"1279",470.036747398089,669.224239793373,1
"1280",221.103174979461,314.446972367819,0
"1281",249.039903521044,356.122581310105,0
"1282",673.25737027466,959.948358619586,0
"1283",432.600761999773,619.35877974797,0
"1284",369.756998532167,526.098405410768,0
"1285",274.995337310628,391.378731584642,1
"1286",158.865869073867,226.855853389716,1
"1287",545.341998095015,776.698351313593,0
"1288",344.277783938167,492.337291302625,0
"1289",564.31273657423,805.771962865954,0
"1290",29.4025998071724,40.5796903870068,1
"1291",174.258416158347,245.133508858737,1
"1292",267.071625425605,380.621199497022,1
"1293",110.967830898746,157.487265129341,1
"1294",291.631570685873,415.584870581981,0
"1295",348.001232034334,495.497475674143,0
"1296",466.820620911608,662.653386000311,1
"1297",600.053843054772,854.244088510517,1
"1298",14.4360956479142,19.7138402019627,0
"1299",280.850890078013,400.30037797289,1
"1300",598.03421313123,852.378190482734,1
"1301",637.897049337571,908.802354341839,1
"1302",286.869843710571,406.635790444678,1
"1303",666.988411195025,949.58951779129,1
"1304",612.865773783783,872.486379342852,0
"1305",681.122681124591,972.511212821351,1
"1306",258.230780220821,365.81346029928,0
"1307",101.813999997534,145.004413875751,1
"1308",295.330829274985,419.449718401534,0
"1309",483.423815118774,689.92585173226,0
"1310",294.398225241719,419.902487489395,0
"1311",499.576157247604,711.346354197012,1
"1312",389.791089807062,555.79876944772,0
"1313",355.512385563497,507.393986917567,1
"1314",7.66015635827101,9.09742404450662,0
"1315",572.825558398173,816.744216461666,1
"1316",637.284696428679,909.804649718804,1
"1317",118.767170020122,166.498654731782,0
"1318",362.44448752162,514.870845477562,1
"1319",576.422463093635,822.47655258025,1
"1320",374.218481102853,532.759704630822,0
"1321",213.849092987894,304.120669414988,0
"1322",592.320252624762,846.156621149741,1
"1323",484.695250105607,692.330546079436,1
"1324",224.781792171753,322.380490911892,0
"1325",677.720697824842,965.66127002961,1
"1326",299.083049590689,422.804277322255,1
"1327",699.909963639454,997.652297801105,0
"1328",249.808851619465,355.714434717083,0
"1329",210.622228947183,302.067157293437,1
"1330",215.853988460743,307.521462965989,1
"1331",220.367698018536,313.131491478765,1
"1332",489.403022153137,698.001542433165,0
"1333",618.338662831869,881.553158858093,0
"1334",630.848455053373,904.860366155393,1
"1335",640.344720050718,915.181686630473,0
"1336",278.847006169391,397.5102004332,0
"1337",96.6889367632274,139.129109185422,0
"1338",451.024798465381,641.888996144291,0
"1339",258.749441144199,366.99807677418,0
"1340",182.527220563765,258.637734324904,1
"1341",403.950918931899,576.240345172584,0
"1342",539.518138755805,769.185885517392,1
"1343",577.149079280615,821.195980203571,0
"1344",102.314776395803,145.664850710426,1
"1345",515.933321648429,738.07212109887,1
"1346",108.867716785537,154.851758157369,0
"1347",398.431472753404,565.022499221843,1
"1348",507.420942492251,723.496269593015,0
"1349",191.744989509246,273.05620340514,0
"1350",333.322479799693,475.018204915104,1
"1351",149.219529037273,211.484515037388,1
"1352",522.258732078989,743.87437146809,0
"1353",219.037158766152,311.827194590354,1
"1354",12.7347167930993,16.7993177322205,1
"1355",261.965122738361,373.297671043547,0
"1356",381.439496884975,543.240093167871,1
"1357",323.615233494606,462.763083667494,1
"1358",504.640238556806,721.243007819401,1
"1359",42.3357203156122,59.55677910964,0
"1360",63.1598101234429,90.5603107726201,0
"1361",640.314554312456,914.589204642456,1
"1362",242.480179744374,345.114182014251,1
"1363",239.044974455717,338.851851542713,0
"1364",240.295556417363,343.066954220412,1
"1365",441.391270762242,631.506627349416,0
"1366",8.19469699819961,11.9941934861708,0
"1367",164.418370633067,234.612428962486,1
"1368",204.319097530942,292.484493971569,0
"1369",544.125008899555,773.925329723395,1
"1370",592.405141788275,844.576313927304,0
"1371",134.285623262392,190.269603686174,1
"1372",565.498157265917,806.315459987149,0
"1373",235.218286295552,333.990890796063,1
"1374",241.366981949528,342.77172828326,1
"1375",74.6771475012698,105.101672674762,1
"1376",154.572442932272,220.124130529817,0
"1377",636.234497913884,905.404448957881,1
"1378",131.107245328831,186.226810166147,1
"1379",636.142306034707,907.501411513891,0
"1380",509.09561643085,725.955686762463,0
"1381",428.533129738384,610.419128660811,0
"1382",593.033435181171,843.90842372831,1
"1383",413.99728974491,589.423421675339,0
"1384",29.5758954928993,42.3481438870076,1
"1385",185.854056243693,263.90915438463,1
"1386",134.185988323519,190.357250728877,1
"1387",306.734825230849,435.699581717374,1
"1388",48.0464300510109,68.0440511754714,0
"1389",342.544075080815,488.955457264557,0
"1390",298.233205835817,424.486333527602,1
"1391",472.063237482563,673.557496345136,1
"1392",324.067785182754,460.318882581778,1
"1393",351.582643806328,502.019806307042,0
"1394",204.572516030393,289.49990652781,0
"1395",375.19117290817,532.849182450911,1
"1396",75.9321484739962,111.197163526202,1
"1397",479.056268019736,683.71353816404,0
"1398",599.739562258117,857.316569550661,0
"1399",336.201980695639,477.707989982329,0
"1400",114.996568172525,162.372919390211,1
"1401",430.898508573019,614.76730194292,0
"1402",142.483023391163,200.664746287744,1
"1403",278.395523085853,395.311570303515,1
"1404",64.9897306630145,90.9384185210802,0
"1405",665.911300418282,951.086819227785,1
"1406",494.705077061022,705.89266328048,0
"1407",475.927475748497,678.120791901369,0
"1408",685.649183445976,977.191646962194,1
"1409",139.377648652026,197.365641011624,1
"1410",357.54200674701,509.592197905993,0
"1411",22.7891807026278,30.6008106465451,1
"1412",626.624802614561,897.44541885308,0
"1413",595.469101870121,849.468515351415,0
"1414",132.93548190485,190.571043706499,0
"1415",415.460749671326,596.601847239537,0
"1416",130.703604103783,184.859188057948,1
"1417",6.15937708901399,9.93078711885028,0
"1418",382.158357023064,546.086200712482,1
"1419",483.146194542384,689.791268311674,0
"1420",534.796424970884,764.273688124493,0
"1421",484.013073845119,690.594219454564,1
"1422",303.849461752028,433.720920037245,0
"1423",640.563364142065,911.589515087893,1
"1424",27.833321479426,35.3052388799842,0
"1425",574.290737333486,820.814707031474,0
"1426",457.90321575341,652.203072360484,1
"1427",239.366165597142,341.162396342726,1
"1428",296.578854006732,422.935834180098,1
"1429",399.390908118868,568.894060279476,1
"1430",105.508151699877,148.987127380678,0
"1431",311.872643149321,441.379886635579,0
"1432",164.957597819665,231.926909971749,1
"1433",231.789192049094,329.231323855463,1
"1434",584.312651675142,831.189793188823,0
"1435",689.225461654665,983.671426616376,1
"1436",524.87823499847,746.557613558834,0
"1437",126.272211887514,178.145960213151,0
"1438",641.860395631879,915.058424675837,0
"1439",247.277336939643,353.058923635399,0
"1440",631.621278736802,902.819921378978,0
"1441",659.861317765528,940.515363297192,1
"1442",671.74077789271,956.351955424994,1
"1443",678.555917190478,969.435903856996,1
"1444",203.604330238463,287.897288290551,1
"1445",97.5351915042583,138.973875265801,0
"1446",271.891146848035,386.016796085984,0
"1447",409.829341480659,581.358299986459,1
"1448",219.742457130943,311.838534198934,0
"1449",147.41951614444,210.746124208672,0
"1450",50.7248769523461,73.6135046279524,0
"1451",426.149123405401,607.379552768078,1
"1452",550.62620784254,783.713153852848,1
"1453",152.806341243333,216.079156405292,0
"1454",470.883975115735,671.599977341015,1
"1455",467.293544636383,667.245352028171,0
"1456",317.744290533976,454.788351116935,0
"1457",403.266238150621,573.599461469566,1
"1458",261.867420507477,372.672956580995,1
"1459",624.487587761635,889.58984569693,0
"1460",75.999468388493,107.633075843565,0
"1461",428.542083577683,608.560205543647,0
"1462",479.813117891711,683.031824211823,0
"1463",645.934466168345,922.177782258019,0
"1464",481.57420654165,687.534888099181,0
"1465",82.9309141296648,115.637379717082,1
"1466",201.010888322208,285.308289483888,0
"1467",384.11784831494,547.770735014929,0
"1468",671.111173633804,957.277386063477,1
"1469",92.9773097886438,132.330753332237,0
"1470",424.577567227135,604.011302209692,1
"1471",355.91943557132,508.406558698509,1
"1472",337.258749561892,478.377666067332,1
"1473",337.392866788578,479.304487640737,0
"1474",652.288946880849,932.417525795521,1
"1475",471.904006471735,674.241061543347,1
"1476",621.83064907075,887.168879271951,0
"1477",248.136407523459,354.887904203497,0
"1478",268.915067568228,381.812755760271,0
"1479",220.968695123108,314.890379393706,0
"1480",270.209096790992,385.433241667226,1
"1481",52.1234829016772,72.3973867334425,1
"1482",214.507864702028,306.342782619875,0
"1483",410.551937880131,587.264711145312,0
"1484",35.3028703234493,47.9990223906934,0
"1485",249.195368087663,353.494713315507,1
"1486",569.345729395057,812.982101746369,1
"1487",594.920173205379,849.483987757936,0
"1488",563.90585921243,806.823145186063,0
"1489",247.101927750366,351.780049455352,0
"1490",149.034634457251,211.066770760808,1
"1491",245.357937546342,347.206314444076,0
"1492",149.747837146599,213.082350365818,0
"1493",510.18427936381,727.406341870548,0
"1494",38.4525404050214,52.741263585398,1
"1495",132.636017228651,185.921816749033,0
"1496",132.302501569903,188.677581674885,1
"1497",481.021537638566,684.889831823995,1
"1498",639.514539158905,914.274016695796,0
"1499",19.2107020904682,24.3169869740959,1
"1500",97.8312677156965,139.275225270772,0
